EventID,NTSB_Number,EventType,EventDate,EventDateTime,EventTime,EventTimezone,EventState,EventSiteZipCode,Latitude,Longitude,LatitudeDecimal,LongitudeDecimal
20260120202315,WPR26LA083,ACC,2026-01-19,2026-01-19 16:10:00.000,16:10,UTC,WY,82838,044567N,1072737W,44.935309,-107.46031
20251228202213,ERA26FA077,ACC,2025-12-28,2025-12-28 16:24:00.000,16:24,UTC,NJ,08037,393939N,0744611W,39.66095,-74.769759
20250831200906,WPR25FA268,ACC,2025-08-31,2025-08-31 16:40:00.000,16:40,UTC,CO,80701,402026N,1034837W,40.34054,-103.81023
20250721200589,WPR25LA219,ACC,2025-07-19,2025-07-19 19:00:00.000,19:00,UTC,CA,95023,365315N,1212416W,36.887566,-121.40454
20250714200531,CEN25LA250,ACC,2025-07-12,2025-07-12 13:30:00.000,13:30,UTC,MO,64491,402644N,0095222W,40.445489,-95.367306
20250709200494,CEN25LA242,INC,2025-07-07,2025-07-07 20:57:00.000,20:57,UTC,TX,78025,030439N,0991425W,30.0774,-99.2403
20250219199723,WPR25FA097,ACC,2025-02-19,2025-02-19 15:28:00.000,15:28,UTC,AZ,NULL,322434N,0111130W,32.409567,-111.2168
20250114199536,WPR25LA077,INC,2025-01-09,2025-01-09 20:38:00.000,20:38,UTC,CA,91406,341235N,1182924W,34.209806,-118.48997
20241223199458,DCA25LA065,ACC,2024-12-21,2024-12-21 23:30:00.000,23:30,UTC,FL,32801,283228N,0812149W,28.541143,-81.36349
20241210199402,ERA25LA072,ACC,2024-12-09,2024-12-09 21:30:00.000,21:30,UTC,FL,33476,264745N,0804140W,26.795833,-80.6945
20240922195157,WPR24FA309,ACC,2024-09-22,2024-09-22 19:48:00.000,19:48,UTC,CA,93535,034450N,0011820W,34.75,-118.03333
20240916195128,WPR24FA304,ACC,2024-09-16,2024-09-16 16:46:00.000,16:46,UTC,NV,89423,003914N,1194619W,39.017692,-119.77181
20240910195091,WPR24LA302,ACC,2024-09-06,2024-09-06 17:52:00.000,17:52,UTC,OR,97801,454127N,1185021W,45.69093,-118.83914
20240730194807,ERA24LA332,ACC,2024-07-28,2024-07-28 20:08:00.000,20:08,UTC,NY,12571,415813N,0735144W,41.970403,-73.862086
20240726194773,GAA24WA227,ACC,2024-07-24,2024-07-24 22:10:00.000,22:10,UTC,NULL,NULL,001827S,1235544E,-18.035154,123.928859
20240711194675,CEN24FA260,ACC,2024-07-11,2024-07-11 19:07:00.000,19:07,UTC,LA,71223,325547N,0913658W,32.929721,-91.616178
20240716194705,GAA24WA217,ACC,2024-07-09,2024-07-09 16:34:00.000,16:34,UTC,NULL,NULL,535000N,59652314,5350,1140549
20240620194510,WPR24FA201,ACC,2024-06-20,2024-06-20 18:58:00.000,18:58,UTC,ID,83213,043359N,1132410W,43.58576,-113.40286
20240614194470,CEN24FA221,ACC,2024-06-14,2024-06-14 13:40:00.000,13:40,UTC,TX,79379,033389N,0102405W,33.635704,-102.66797
20240207193757,CEN24LA110,ACC,2024-02-01,2024-02-01 20:30:00.000,20:30,UTC,TX,77484,301134N,0955748W,30.1927,-95.9632
20240102193587,ERA24LA079,ACC,2023-12-30,2023-12-30 19:04:00.000,19:04,UTC,FL,32114,029947N,0081442W,29.163165,-81.07824
20230917193074,WPR23FA345,ACC,2023-09-17,2023-09-17 20:55:00.000,20:55,UTC,NV,89506,039405N,1195235W,39.668177,-119.87644
20230729192738,CEN23FA333,ACC,2023-07-29,2023-07-29 17:27:00.000,17:27,UTC,WI,54902,435749N,0883335W,43.963719,-88.559711
20230320106913,WPR23LA129,ACC,2023-03-17,2023-03-17 19:40:00.000,19:40,UTC,AZ,85215,332736N,1114348W,33.46,-111.73
20230307106845,ERA23FA142,ACC,2023-03-07,2023-03-07 19:00:00.000,19:00,UTC,FL,33881,028320N,0814427W,28.055456,-81.740814
20230117106583,ERA23LA111,ACC,2023-01-10,2023-01-10 22:43:00.000,22:43,UTC,TN,38068,035132N,0892248W,35.217222,-89.380019
20221121106336,WPR23LA041,ACC,2022-11-18,2022-11-18 18:27:00.000,18:27,UTC,NV,89032,361239N,1151140W,36.210703,-115.19444
20221112106276,CEN23MA034,ACC,2022-11-12,2022-11-12 19:22:00.000,19:22,UTC,TX,75237,324026N,0965146W,32.673779,-96.862801
20220918105957,CEN22FA424,ACC,2022-09-17,2022-09-17 14:53:00.000,14:53,UTC,CO,80503,040619N,0105721W,40.105151,-105.12258
20220818105763,WPR22FA309,ACC,2022-08-18,2022-08-18 21:55:00.000,21:55,UTC,CA,NULL,365611N,1214721W,36.93648,-121.78904
20220727105589,ERA22FA338,ACC,2022-07-26,2022-07-26 22:01:00.000,22:01,UTC,AR,71663,331336N,0912816W,33.22667,-91.47111
20220718105496,ERA22FA318,ACC,2022-07-17,2022-07-17 19:03:00.000,19:03,UTC,NV,89032,361239N,1151140W,36.210703,-115.19444
20211221104432,CEN22FA081,ACC,2021-12-21,2021-12-21 15:26:00.000,15:26,UTC,TX,77441,029390N,0095573W,29.650019,-95.950949
20211018104116,ANC22LA002,ACC,2021-10-13,2021-10-13 21:00:00.000,21:00,UTC,AK,99674,061427N,1485831W,61.702064,-148.97528
20211013104098,ANC22LA001,ACC,2021-10-10,2021-10-10 21:20:00.000,21:20,UTC,AK,99645,612415N,1483616W,61.40406,-148.60457
20211001104018,WPR22FA001,ACC,2021-10-01,2021-10-01 14:40:00.000,14:40,UTC,AZ,85249,033169N,1114840W,33.269096,-111.81112
20210512103073,CEN21FA215,ACC,2021-05-12,2021-05-12 16:23:00.000,16:23,UTC,CO,80112,039356N,1045117W,39.585036,-104.85469
20210323102798,CEN21LA161,ACC,2021-03-15,2021-03-15 14:40:00.000,14:40,UTC,AR,NULL,335232N,0912033W,33.875654,-91.342513
20201109102252,WPR21LA040,ACC,2020-11-07,2020-11-07 20:51:00.000,20:51,UTC,CA,NULL,375024N,1215229W,37.839997,-121.87482
20201107102245,CEN21FA043,ACC,2020-11-06,2020-11-06 22:38:00.000,22:38,UTC,TX,NULL,301456N,0985640W,30.248886,-98.944509
20201104102235,CEN21LA040,ACC,2020-11-03,2020-11-03 23:53:00.000,23:53,UTC,TX,78596,261043N,0975826W,26.178708,-97.974006
20210715103483,GAA21WA175,ACC,2020-10-10,2020-10-10 14:45:00.000,14:45,UTC,NULL,NULL,047745N,0005946E,47.1292,0.996111
20200827X15154,ANC20LA085,ACC,2020-08-27,2020-08-27 21:53:00.000,21:53,UTC,AK,99709,644842N,1475528W,64.81167,-147.92444
20200731X11938,ANC20LA074,ACC,2020-07-31,2020-07-31 16:27:00.000,16:27,UTC,AK,99669,602944N,0015111W,60.495555,-151.01693
20200730X91205,WPR20LA246,ACC,2020-07-30,2020-07-30 19:56:00.000,19:56,UTC,NV,89008,372142N,1143359W,37.361667,-114.56639
20200705X32345,WPR20FA206,ACC,2020-07-05,2020-07-05 21:22:00.000,21:22,UTC,ID,83833,047319N,1164935W,47.519165,-116.82638
20200219X20320,WPR20WA091,ACC,2020-02-19,2020-02-19 11:28:00.000,11:28,NULL,NULL,NULL,365657S,1451221E,-36.949165,145.205825
20200216X63101,DCA20IA081,INC,2020-02-06,2020-02-06 20:00:00.000,20:00,UTC,CA,92277,034754N,1155645W,34.131668,-115.945831
20191113X45317,ERA20LA034,ACC,2019-11-13,2019-11-13 18:30:00.000,18:30,UTC,NJ,8731,395515N,0741746W,39.920833,-74.296112
20190724X81016,CEN19IA234,INC,2019-07-21,2019-07-21 15:00:00.000,15:00,UTC,WI,53704,043823N,0892026W,43.13972,-89.340553
20190529X41550,ERA19FA183,ACC,2019-05-29,2019-05-29 14:45:00.000,14:45,UTC,FL,32043,295728N,0814338W,29.957777,-81.727218
20190515X74858,WPR19FA145,ACC,2019-05-15,2019-05-15 18:51:00.000,18:51,UTC,CA,95668,038537N,1212526W,38.885276,-121.42388
20190514X70427,CEN19MA141,ACC,2019-05-13,2019-05-13 20:21:00.000,20:21,UTC,AK,99901,552532N,1313018W,55.425556,-131.505
20190130X94528,CEN19LA074,ACC,2019-01-29,2019-01-29 19:29:00.000,19:29,UTC,TX,75052,032385N,0965813W,32.634723,-96.970275
20190520X01452,ERA19WA174,ACC,2019-01-25,2019-01-25 13:30:00.000,13:30,UTC,NULL,NULL,453927N,0065846E,45.657501,6.979444
20180918X22051,WPR18LA267,ACC,2018-09-14,2018-09-14 17:04:00.000,17:04,UTC,NV,89508,394250N,1195159W,39.71389,-119.866386
20180810X01803,DCA18IA264,INC,2018-08-10,2018-08-10 12:40:00.000,12:40,UTC,ID,83422,434434N,0111548W,43.742778,-111.096664
20180730X13125,CEN18LA298,ACC,2018-07-29,2018-07-29 18:35:00.000,18:35,UTC,MI,49782,452856N,0854651W,45.482223,-85.78083
20180801X03545,CEN18WA305,ACC,2018-07-22,2018-07-22 15:00:00.000,15:00,UTC,NULL,NULL,029552N,1072848W,29.097778,-107.480003
20180717X43051,ERA18FA194,ACC,2018-07-17,2018-07-17 16:59:00.000,16:59,UTC,FL,33194,254528N,0803325W,25.757778,-80.556945
20180614X22730,ANC18FA045,ACC,2018-06-13,2018-06-13 20:05:00.000,20:05,UTC,AK,99501,611615N,0150338W,61.270832,-150.552215
20180521X82306,WPR18LA144,ACC,2018-05-21,2018-05-21 17:30:00.000,17:30,UTC,AL,35504,335219N,0871535W,33.871944,-87.259719
20180316X23843,ERA18LA109,ACC,2018-03-16,2018-03-16 14:38:00.000,14:38,UTC,FL,32177,293930N,0081411W,29.658332,-81.683609
20180130X64322,CEN18LA087,ACC,2018-01-26,2018-01-26 18:40:00.000,18:40,UTC,CO,80538,402624N,0105026W,40.439998,-105.007225
20171216X54947,ERA18LA055,ACC,2017-12-16,2017-12-16 17:30:00.000,17:30,UTC,NC,27215,036259N,0792823W,36.04972,-79.473052
20171007X71220,WPR18LA003,ACC,2017-10-07,2017-10-07 17:30:00.000,17:30,UTC,AZ,85735,032832N,1111028W,32.142223,-111.174446
20170923X01730,ERA17LA332,ACC,2017-09-23,2017-09-23 21:02:00.000,21:02,UTC,FL,33755,275838N,0824533W,27.977222,-82.759162
20170922X54600,DCA17IA202,INC,2017-09-21,2017-09-21 23:20:00.000,23:20,UTC,NY,10305,040300N,0007400W,40.5,-74
20170919X21640,WPR17LA209,ACC,2017-09-17,2017-09-17 15:20:00.000,15:20,UTC,NV,89506,039395N,1195131W,39.65139,-119.858612
20170401X94926,ERA17FA143,ACC,2017-04-01,2017-04-01 12:46:00.000,12:46,UTC,FL,32132,285734N,0805726W,28.959444,-80.957221
20170323X64259,CEN17WA137,ACC,2017-03-17,2017-03-17 16:38:00.000,16:38,UTC,NULL,NULL,453020N,0732241E,45.505554,73.378051
20161231X24638,CEN17FA063,ACC,2016-12-31,2016-12-31 23:25:00.000,23:25,UTC,TX,75071,331224N,0964358W,33.206665,-96.73278
20161021X72937,ERA17FA027,ACC,2016-10-21,2016-10-21 18:30:00.000,18:30,UTC,GA,31516,031189N,0821648W,31.302499,-82.279998
20160926X05138,ERA16FA324,ACC,2016-09-25,2016-09-25 13:23:00.000,13:23,UTC,NY,14111,423556N,0785330W,42.598888,-78.89167
20160907X21532,ERA16FA312,ACC,2016-09-07,2016-09-07 14:48:00.000,14:48,UTC,GA,30117,333724N,0085857W,33.623332,-85.149169
20160831X62719,ANC16FA061,ACC,2016-08-31,2016-08-31 18:01:00.000,18:01,UTC,AK,99657,614753N,1612956W,61.798053,-161.498886
20160805X34814,ANC16FA052,ACC,2016-08-05,2016-08-05 21:40:00.000,21:40,UTC,AK,99654,613411N,1493246W,61.569721,-149.546112
20160723X20253,WPR16FA148,ACC,2016-07-23,2016-07-23 14:45:00.000,14:45,UTC,CA,95698,384810N,0121463W,38.802776,-121.767501
20160718X62313,WPR16LA146,ACC,2016-07-17,2016-07-17 15:30:00.000,15:30,UTC,ID,83617,435025N,0116305W,43.840278,-116.501388
20160506X90816,DCA16WA143,ACC,2016-04-27,2016-04-27 10:41:00.000,10:41,UTC,NULL,NULL,255138S,0285926E,-25.860555,28.990554
20160205X35852,WPR16FA065,ACC,2016-02-05,2016-02-05 23:00:00.000,23:00,UTC,CA,90733,033477N,1182525W,33.785278,-118.423614
20151023X90108,WPR16LA016,ACC,2015-10-23,2015-10-23 17:15:00.000,17:15,UTC,NV,89019,353514N,1152749W,35.587223,-115.463607
20150928X20026,CEN15WA429,ACC,2015-09-26,2015-09-26 11:38:00.000,11:38,UTC,NULL,NULL,532137N,0008318E,53.360279,8.518888
20150921X31350,DCA15WA188,ACC,2015-09-05,2015-09-05 19:08:00.000,19:08,UTC,NULL,NULL,046256N,0134010W,46.418334,-13.669444
20150816X60452,WPR15MA243,ACC,2015-08-16,2015-08-16 18:03:00.000,18:03,UTC,CA,92154,323439N,1165656W,32.577499,-116.94889
20150707X22207,ERA15MA259,ACC,2015-07-07,2015-07-07 15:00:00.000,15:00,UTC,SC,29461,033939N,0795928W,33.160831,-79.991111
20150706X63628,GAA15CA157,ACC,2015-07-02,2015-07-02 13:00:00.000,13:00,UTC,UT,84602,401444N,1113951W,40.245555,-111.664169
20150605X50246,ERA15WA233,ACC,2015-05-31,2015-05-31 14:30:00.000,14:30,UTC,NULL,NULL,424816N,0135647E,42.804443,13.946389
20150330X71955,ERA15LA172,ACC,2015-03-29,2015-03-29 18:30:00.000,18:30,UTC,AL,35476,331314N,0873641W,33.220554,-87.611389
20150202X20456,ANC15FA009,ACC,2015-01-31,2015-01-31 22:05:00.000,22:05,UTC,AK,99687,613141N,1494117W,61.528057,-149.688049
20150129X05038,ERA15LA115,ACC,2015-01-28,2015-01-28 17:00:00.000,17:00,UTC,FL,33406,263535N,0008056W,26.593055,-80.084999
20141228X13823,ERA15LA084,ACC,2014-12-27,2014-12-27 20:45:00.000,20:45,UTC,MD,21158,393630N,0077028W,39.608333,-77.007774
20141023X01333,ERA15FA025,ACC,2014-10-23,2014-10-23 19:37:00.000,19:37,UTC,MD,21701,392439N,0772257W,39.410831,-77.382499
20141012X30001,WPR15FA010,ACC,2014-10-12,2014-10-12 15:12:00.000,15:12,UTC,NV,89447,039917N,1191753W,39.154724,-119.298057
20140927X22122,ERA14FA459,ACC,2014-09-27,2014-09-27 14:20:00.000,14:20,UTC,NY,14086,425354N,0783450W,42.898334,-78.580558
20140707X70004,WPR14FA283,ACC,2014-07-07,2014-07-07 13:34:00.000,13:34,UTC,ID,83611,044363N,1153121W,44.600833,-115.522499
20140427X21627,WPR14FA174,ACC,2014-04-27,2014-04-27 23:06:00.000,23:06,UTC,CA,94803,037593N,1222451W,37.984165,-122.414169
20140406X50715,ERA14LA181,ACC,2014-04-03,2014-04-03 16:30:00.000,16:30,UTC,NY,11705,404530N,0073313W,40.758335,-73.053611
20131104X94753,CEN14LA036,ACC,2013-11-02,2013-11-02 22:50:00.000,22:50,UTC,WI,54880,464123N,0092541W,46.689723,-92.094718
20130628X45644,WPR13FA296,ACC,2013-06-28,2013-06-28 15:48:00.000,15:48,UTC,ID,83677,445442N,0115297W,44.911666,-115.485275
20130531X43432,WPR13FA254,ACC,2013-05-31,2013-05-31 17:03:00.000,17:03,UTC,AZ,85027,335153N,0112125W,33.864723,-112.201385
20130429X04502,WPR13FA211,ACC,2013-04-29,2013-04-29 21:01:00.000,21:01,UTC,CA,91359,034729N,1184718W,34.124721,-118.78833
20130204X05610,CEN13LA149,ACC,2013-02-01,2013-02-01 14:05:00.000,14:05,UTC,TX,77845,303323N,0963422W,30.556388,-96.572776
20121113X95501,ERA13LA054,ACC,2012-11-10,2012-11-10 15:55:00.000,15:55,UTC,GA,30292,033940N,0842140W,33.161109,-84.361114
20121015X10207,ERA13LA022,ACC,2012-10-13,2012-10-13 13:20:00.000,13:20,UTC,PA,19380,395925N,0753455W,39.990276,-75.581947
20121005X01523,WPR13LA004,ACC,2012-10-05,2012-10-05 21:07:00.000,21:07,UTC,AZ,85224,033611N,0112315W,33.103054,-112.054168
20120826X92743,ERA12WA530,ACC,2012-08-18,2012-08-18 11:40:00.000,11:40,UTC,NULL,NULL,224923S,0472348W,-22.823055,-47.396667
20120817X22416,CEN12LA553,ACC,2012-08-17,2012-08-17 20:20:00.000,20:20,UTC,TX,78801,029649N,0995642W,29.113611,-99.944999
20120608X61902,WPR12LA250,ACC,2012-06-07,2012-06-07 21:46:00.000,21:46,UTC,NV,89510,039538N,1194650W,39.885555,-119.780555
20120528X70400,ERA12RA367,ACC,2012-05-28,2012-05-28 20:04:00.000,20:04,UTC,VA,22742,038299N,0774226W,38.485832,-77.707221
20120523X63856,CEN12FA312,ACC,2012-05-23,2012-05-23 15:49:00.000,15:49,UTC,AR,72465,355825N,0904636W,35.973609,-90.776664
20120413X01034,WPR12CA163,ACC,2012-04-10,2012-04-10 14:30:00.000,14:30,UTC,AZ,86336,345054N,1114718W,34.848331,-111.78833
20120325X10800,CEN12FA199,ACC,2012-03-23,2012-03-23 17:43:00.000,17:43,UTC,CO,80504,040913N,0105319W,40.15361,-105.055274
20111129X40802,ERA12WA089,ACC,2011-11-21,2011-11-21 13:20:00.000,13:20,UTC,NULL,NULL,343858S,0059272W,-34.649444,-59.450553
20111025X10819,WPR12FA020,ACC,2011-10-25,2011-10-25 23:10:00.000,23:10,UTC,OR,97137,451744N,1225719W,45.295555,-122.955276
20111012X23408,WPR12CA005,ACC,2011-10-11,2011-10-11 18:15:00.000,18:15,UTC,CA,93637,365924N,1195736W,36.990001,-119.959999
20110904X00636,ANC11FA091,ACC,2011-09-02,2011-09-02 21:35:00.000,21:35,UTC,AK,99690,603620N,1643555W,60.605556,-164.598617
20110820X50228,ERA11FA468,ACC,2011-08-20,2011-08-20 17:15:00.000,17:15,UTC,NJ,8037,393933N,0074458W,39.659168,-74.75222
20110815X33908,CEN11LA573,ACC,2011-08-13,2011-08-13 16:30:00.000,16:30,UTC,TX,77316,030549N,0953454W,30.9025,-95.581665
20110731X10847,ANC11FA071,ACC,2011-07-30,2011-07-30 22:15:00.000,22:15,UTC,AK,99676,621054N,1503024W,62.181667,-150.506668
20110711X41528,ANC11FA062,ACC,2011-07-10,2011-07-10 21:15:00.000,21:15,UTC,AK,99653,603328N,1531821W,60.557777,-153.305831
20110707X92201,CEN11WA458,ACC,2011-07-04,2011-07-04 15:28:00.000,15:28,UTC,NULL,NULL,050508N,0001750E,50.835556,-0.297222
20110607X12130,CEN11WA380,ACC,2011-06-06,2011-06-06 12:05:00.000,12:05,UTC,NULL,NULL,433329N,0000623W,43.558055,-6.034166
20110509X84024,ERA11FA291,ACC,2011-05-09,2011-05-09 18:48:00.000,18:48,UTC,NY,10958,412326N,0742511W,41.390556,-74.419723
20110102X35752,ERA11FA101,ACC,2010-12-31,2010-12-31 19:26:00.000,19:26,UTC,VA,24486,381620N,0785324W,38.27222,-78.889999
20101201X74125,WPR11LA068,ACC,2010-12-01,2010-12-01 19:30:00.000,19:30,UTC,OR,97741,444013N,0121918W,44.670276,-121.154998
20100805X84210,CEN10LA459,ACC,2010-08-04,2010-08-04 23:20:00.000,23:20,UTC,TX,78829,029237N,0994019W,29.043611,-99.671943
20100730X91552,CEN10IA447,INC,2010-07-27,2010-07-27 17:15:00.000,17:15,UTC,WI,54971,435026N,0885024W,43.840557,-88.840103
20100616X34937,WPR10LA294,ACC,2010-06-15,2010-06-15 21:33:00.000,21:33,UTC,UT,84761,385848N,1113154W,38.979999,-111.531669
20100320X60644,ERA10FA180,ACC,2010-03-20,2010-03-20 15:45:00.000,15:45,UTC,FL,32696,029208N,0082255W,29.335556,-82.418052
20100204X45658,CEN10FA115,ACC,2010-02-06,2010-02-06 20:27:00.000,20:27,UTC,CO,80301,040436N,1051614W,40.076667,-105.270553
20100118X12329,CEN10LA099,ACC,2010-01-17,2010-01-17 23:45:00.000,23:45,UTC,KS,67877,374135N,1005620W,37.693054,-100.938888
20091128X53127,WPR10FA068,ACC,2009-11-28,2009-11-28 19:01:00.000,19:01,UTC,CA,95461,384535N,1223326W,38.759723,-122.55722
20091010X63931,CEN10FA011,ACC,2009-10-10,2009-10-10 19:40:00.000,19:40,UTC,LA,71303,311647N,0092334W,31.279855,-92.550994
20090909X44833,WPR09FA437,ACC,2009-09-09,2009-09-09 16:45:00.000,16:45,UTC,AZ,85228,032583N,1113028W,32.967498,-111.507774
20090808X42846,ERA09MA447,ACC,2009-08-08,2009-08-08 15:53:00.000,15:53,UTC,NJ,7030,404436N,0074118W,40.743331,-74.021667
20090804X43510,CEN09LA491,ACC,2009-07-31,2009-07-31 18:54:00.000,18:54,UTC,IA,50126,422814N,0931611W,42.470554,-93.269721
20090525X10235,ERA09LA302,ACC,2009-05-23,2009-05-23 18:15:00.000,18:15,UTC,AL,35671,343914N,0865643W,34.653888,-86.945274
20090210X51828,CEN09IA161,INC,2009-02-07,2009-02-07 20:00:00.000,20:00,UTC,NE,68354,403424N,0097348W,40.573333,-97.568885
20090202X21409,CEN09LA149,ACC,2009-01-31,2009-01-31 19:55:00.000,19:55,UTC,TX,77429,029567N,0953823W,29.935277,-95.639724
20081208X81624,ERA09FA080,ACC,2008-12-06,2008-12-06 21:30:00.000,21:30,UTC,FL,33304,026016N,0802848W,26.004444,-80.480003
20081124X43451,ERA09LA067,ACC,2008-11-23,2008-11-23 13:30:00.000,13:30,UTC,FL,33883,028346N,0814511W,28.062778,-81.753051
20081117X44716,ANC09LA011,ACC,2008-11-14,2008-11-14 19:33:00.000,19:33,UTC,AK,99702,644850N,0147557W,64.813888,-147.918609
20081101X33919,ERA09LA033,ACC,2008-11-01,2008-11-01 13:35:00.000,13:35,UTC,NC,27962,354831N,0764533W,35.808612,-76.759162
20081022X34515,CEN09LA031,ACC,2008-10-22,2008-10-22 14:57:00.000,14:57,UTC,CO,81527,385637N,1082059W,38.943611,-108.349723
20080826X01316,LAX08FA265,ACC,2008-08-10,2008-08-10 18:23:00.000,18:23,UTC,WY,82901,413930N,0010987W,41.658332,-109.135276
20080814X01240,DEN08LA137,ACC,2008-08-09,2008-08-09 20:32:00.000,20:32,UTC,TX,78801,291240N,0994436W,29.211111,-99.743331
20080811X01215,LAX08LA254,ACC,2008-08-02,2008-08-02 21:20:00.000,21:20,UTC,NV,89019,035460N,1151947W,35.766666,-115.329719
20080715X01051,DEN08MA116,ACC,2008-06-29,2008-06-29 22:47:00.000,22:47,UTC,AZ,86001,035123N,0111383W,35.200832,-111.634162
20080509X00643,DFW08LA089,ACC,2008-03-28,2008-03-28 16:30:00.000,16:30,UTC,LA,70510,295644N,0092849W,29.945554,-92.146942
20080509X00645,LAX08WA071,ACC,2008-02-13,2008-02-13 10:15:00.000,10:15,NULL,NULL,NULL,024230S,0011510E,-24.383333,115.01667
20080130X00124,LAX08FA049,ACC,2008-01-20,2008-01-20 23:34:00.000,23:34,UTC,CA,92882,335256N,0117373W,33.882221,-117.6175
20080107X00026,SEA08LA057,ACC,2008-01-01,2008-01-01 22:30:00.000,22:30,UTC,CA,95476,381326N,1222659W,38.223888,-122.449722
20071227X02001,NYC08FA054,ACC,2007-12-08,2007-12-08 19:54:00.000,19:54,UTC,FL,33067,262050N,0801855W,26.347221,-80.315277
20071130X01882,SEA08LA031,ACC,2007-11-20,2007-11-20 20:34:00.000,20:34,UTC,WA,98335,047169N,0122275W,47.269165,-122.451385
20071024X01652,MIA08LA005,ACC,2007-10-21,2007-10-21 21:53:00.000,21:53,UTC,NY,11735,404346N,0732448W,40.729442,-73.41333
20070924X01441,SEA07FA264,ACC,2007-09-14,2007-09-14 17:00:00.000,17:00,UTC,NV,89506,393953N,1195211W,39.664722,-119.86972
20070927X01454,NYC07LA208,ACC,2007-09-02,2007-09-02 13:30:00.000,13:30,UTC,FL,32124,029449N,0081248W,29.080278,-81.046669
20070518X00587,CHI07FA140,ACC,2007-05-11,2007-05-11 19:02:00.000,19:02,UTC,OH,45241,391758N,0842232W,39.299446,-84.375556
20070320X00308,DFW07LA082,ACC,2007-03-08,2007-03-08 17:30:00.000,17:30,UTC,TX,78006,294347N,0984143W,29.729722,-98.695274
20070319X00305,DEN07WA067,ACC,2007-03-07,2007-03-07 19:16:00.000,19:16,UTC,NULL,0,515927N,0065016E,51.990833,6.837777
20070227X00233,DFW07LA022,ACC,2006-11-07,2006-11-07 18:59:00.000,18:59,UTC,LA,71210,032315N,0092227W,32.518054,-92.040832
20061108X01625,DEN07IA021,INC,2006-11-06,2006-11-06 22:00:00.000,22:00,UTC,NM,87544,355247N,0106169W,35.879722,-106.269165
20061020X01542,DEN06WA133,ACC,2006-09-22,2006-09-22 12:20:00.000,12:20,UTC,NULL,0,053550N,0104159E,53.916667,10.699722
20060906X01297,LAX06FA277,ACC,2006-08-28,2006-08-28 22:06:00.000,22:06,UTC,NV,89430,385041N,1192950W,38.844722,-119.497222
20060622X00804,CHI06LA157,ACC,2006-06-18,2006-06-18 13:48:00.000,13:48,UTC,IL,61354,041217N,0089911W,41.351943,-89.153053
20060601X00665,DFW06LA130,ACC,2006-05-18,2006-05-18 17:10:00.000,17:10,UTC,AR,72042,034139N,0911850W,34.219165,-91.313888
20060427X00489,ANC06FA048,ACC,2006-04-23,2006-04-23 19:58:00.000,19:58,UTC,AK,99635,061300N,0149339W,61.5,-149.552505
20060209X00189,CHI06FA077,ACC,2006-02-05,2006-02-05 22:54:00.000,22:54,UTC,WI,53094,431049N,0884959W,43.180278,-88.833053
20051229X02032,LAX06LA065,ACC,2005-12-22,2005-12-22 18:54:00.000,18:54,UTC,CA,91750,034530N,1174655W,34.091667,-117.781944
20051223X02008,LAX06LA056,ACC,2005-12-11,2005-12-11 23:00:00.000,23:00,UTC,CA,92880,033530N,1173615W,33.883335,-117.604164
20051122X01867,NYC06FA025,ACC,2005-11-05,2005-11-05 16:38:00.000,16:38,UTC,NJ,8804,401759N,0743114W,40.299758,-74.520545
20051019X01689,CHI06FA010,ACC,2005-10-14,2005-10-14 18:05:00.000,18:05,UTC,OH,44272,041557N,0811154W,41.099166,-81.198333
20051117X01851,CHI05WA216,ACC,2005-08-06,2005-08-06 19:22:00.000,19:22,UTC,NULL,NULL,044240N,0079430W,44.400001,-79.716667
20050831X01347,DFW05LA182,ACC,2005-07-14,2005-07-14 21:30:00.000,21:30,UTC,LA,71223,032560N,0091510W,32.933334,-91.849998
20050713X01010,CHI05WA182,ACC,2005-07-10,2005-07-10 22:15:00.000,22:15,UTC,NULL,NULL,501949N,1053333W,50.330276,-105.559165
20050726X01098,NYC05FA117,ACC,2005-07-10,2005-07-10 14:52:00.000,14:52,UTC,DE,19958,384748N,0075554W,38.796665,-75.098335
20050601X00691,DFW05LA134,ACC,2005-05-24,2005-05-24 21:20:00.000,21:20,UTC,LA,70546,301433N,0924024W,30.2425,-92.673332
20050321X00340,MIA05LA076,ACC,2005-03-13,2005-03-13 21:29:00.000,21:29,UTC,FL,32312,303633N,0841747W,30.609167,-84.296386
20050126X00109,CHI05FA055,ACC,2005-01-18,2005-01-18 17:28:00.000,17:28,UTC,OK,73551,342040N,0984850W,34.344444,-98.813888
20041019X01650,NYC05LA002,ACC,2004-10-10,2004-10-10 20:40:00.000,20:40,UTC,OH,45211,391532N,0844627W,39.258888,-84.774169
20040910X01395,LAX04FA304,ACC,2004-08-28,2004-08-28 15:31:00.000,15:31,UTC,AZ,86314,343735N,1121440W,34.626388,-112.244445
20040812X01202,NYC04FA185,ACC,2004-08-07,2004-08-07 13:12:00.000,13:12,UTC,NJ,7405,405757N,0742143W,40.965831,-74.361946
20040616X00799,FTW04LA151,ACC,2004-06-03,2004-06-03 23:00:00.000,23:00,UTC,AR,72112,035277N,0091137W,35.451946,-91.218612
20040513X00596,FTW04LA123,ACC,2004-05-09,2004-05-09 22:10:00.000,22:10,UTC,TX,78628,304043N,0974045W,30.678611,-97.679168
20040203X00156,MIA04FA043,ACC,2004-01-17,2004-01-17 19:26:00.000,19:26,UTC,FL,33765,275925N,0082458W,27.990278,-82.75222
20040124X00105,LAX04FA095,ACC,2004-01-16,2004-01-16 22:15:00.000,22:15,UTC,CA,93561,035742N,1183340W,35.128334,-118.561111
20040108X00028,ANC04FA016,ACC,2003-12-28,2003-12-28 20:12:00.000,20:12,UTC,AZ,85383,033484N,0112154W,33.801109,-112.251113
20031120X01934,NYC04FA033,ACC,2003-11-16,2003-11-16 18:30:00.000,18:30,UTC,RI,02891,412057N,0714815W,41.349293,-71.804234
20031119X01921,LAX04FA037,ACC,2003-11-06,2003-11-06 23:28:00.000,23:28,UTC,CA,90505,334827N,1182128W,33.807498,-118.35778
20031017X01752,ATL04LA005,ACC,2003-10-04,2003-10-04 21:45:00.000,21:45,UTC,AL,35125,333353N,0086150W,33.564723,-86.25
20030826X01396,CHI03FA284,ACC,2003-08-22,2003-08-22 22:26:00.000,22:26,UTC,MN,55042,445712N,0092530W,44.953334,-92.883331
20030826X01399,MIA03LA162,ACC,2003-08-16,2003-08-16 15:46:00.000,15:46,UTC,FL,33412,265043N,0801317W,26.845277,-80.221389
20030731X01236,DEN03LA130,ACC,2003-07-16,2003-07-16 12:30:00.000,12:30,UTC,CO,81615,391954N,0106597W,39.331665,-106.985275
20030625X00951,MIA03FA124,ACC,2003-06-17,2003-06-17 23:51:00.000,23:51,UTC,FL,33441,026180N,0008030W,26.299999,-80.050003
20030414X00500,LAX03LA129,ACC,2003-04-05,2003-04-05 18:45:00.000,18:45,UTC,CA,95632,381814N,0121153W,38.30389,-121.250831
20030115X00072,LAX03FA066,ACC,2003-01-11,2003-01-11 23:00:00.000,23:00,UTC,AZ,85344,034839N,0114154W,34.144165,-114.251113
20021104X05428,FTW03LA022,ACC,2002-10-29,2002-10-29 20:30:00.000,20:30,UTC,TX,79720,032456N,1011754W,32.751667,-101.298332
20021101X05422,MIA03FA007,ACC,2002-10-27,2002-10-27 18:30:00.000,18:30,UTC,FL,33076,026209N,0801728W,26.335832,-80.291114
20020927X05234,LAX02FA288,ACC,2002-09-17,2002-09-17 20:00:00.000,20:00,UTC,CA,92008,033742N,1171649W,33.128334,-117.280281
20020904X01510,ANC02LA098,ACC,2002-08-19,2002-08-19 15:45:00.000,15:45,UTC,AK,99901,055210N,0131400W,55.349998,-131.666671
20020628X00992,MIA02LA119,ACC,2002-06-20,2002-06-20 21:20:00.000,21:20,UTC,PR,765,181316N,0663521W,18.220989,-66.589118
20020411X00500,ATL02FA076,ACC,2002-04-06,2002-04-06 20:54:00.000,20:54,UTC,FL,33811,275933N,0082111W,27.9925,-82.019721
20020411X00499,ATL02FA074,ACC,2002-04-05,2002-04-05 20:05:00.000,20:05,UTC,FL,33811,275933N,0082111W,27.9925,-82.019721
20020322X00392,LAX02FA110,ACC,2002-03-15,2002-03-15 17:00:00.000,17:00,UTC,AZ,85653,322539N,0111131W,32.427501,-111.216941
20020306X00307,CHI02IA085,INC,2002-03-04,2002-03-04 18:30:00.000,18:30,UTC,MO,65721,037037N,0093123W,37.010169,-93.20092
20011116X02248,ATL02LA012,ACC,2001-11-10,2001-11-10 16:30:00.000,16:30,UTC,FL,32095,030035N,0812436W,30.009784,-81.409927
20011204X02335,DEN01TA134,ACC,2001-07-31,2001-07-31 19:47:00.000,19:47,UTC,WY,83001,432815N,1104539W,43.470943,-110.760955
20010608X01112,ATL01LA063,ACC,2001-06-02,2001-06-02 13:00:00.000,13:00,UTC,MS,38721,325812N,0904913W,32.969955,-90.820182
20010228X00524,LAX01FA101,ACC,2001-02-15,2001-02-15 23:40:00.000,23:40,UTC,CA,90802,033431N,1181052W,33.716945,-118.181114
20010214X00444,FTW01FA058,ACC,2001-02-06,2001-02-06 23:45:00.000,23:45,UTC,OK,74753,033556N,0963339W,33.918334,-96.560836
20001212X22287,FTW01FA025,ACC,2000-11-26,2000-11-26 23:10:00.000,23:10,UTC,TX,77449,295028N,0954351W,29.840982,-95.730804
20001212X22313,MIA01FA028,ACC,2000-11-16,2000-11-16 20:48:00.000,20:48,UTC,FL,34202,027266N,0082270W,27.434999,-82.449996
20001212X22182,LAX01FA018,ACC,2000-10-17,2000-10-17 22:51:00.000,22:51,UTC,CA,91406,341123N,1182924W,34.189697,-118.490097
20001212X21903,ATL00FA091,ACC,2000-09-11,2000-09-11 16:46:00.000,16:46,UTC,FL,34946,272958N,0802132W,27.49954,-80.359016
20001212X21731,FTW00LA233,ACC,2000-08-15,2000-08-15 18:30:00.000,18:30,UTC,LA,71373,313338N,0912628W,31.560602,-91.440994
20001212X21286,MIA00FA190,ACC,2000-06-23,2000-06-23 15:41:00.000,15:41,UTC,FL,33433,262058N,0080936W,26.349546,-80.159942
20001212X21058,MIA00FA172,ACC,2000-05-27,2000-05-27 14:45:00.000,14:45,UTC,FL,32110,292732N,0811459W,29.459001,-81.249748
20001212X20989,FTW00FA154,ACC,2000-05-25,2000-05-25 23:12:00.000,23:12,UTC,OK,73068,035824N,0097229W,35.139884,-97.369178
20001212X20651,IAD00LA027,ACC,2000-03-18,2000-03-18 16:10:00.000,16:10,UTC,PA,18920,402926N,0075446W,40.490432,-75.079544
20001212X20687,MIA00FA107,ACC,2000-03-14,2000-03-14 19:35:00.000,19:35,UTC,FL,34996,271122N,0801127W,27.189344,-80.190788
20001212X20487,FTW00FA083,ACC,2000-02-16,2000-02-16 13:48:00.000,13:48,UTC,OK,74501,034559N,0954533W,34.919143,-95.759277
20001212X20559,NYC00LA081,ACC,2000-02-15,2000-02-15 19:30:00.000,19:30,UTC,OH,44824,041242N,0082481W,41.400527,-82.800338
20001212X20469,CHI00MA066,ACC,2000-02-08,2000-02-08 21:04:00.000,21:04,UTC,IL,60099,422659N,0875024W,42.449783,-87.840003
20001212X20502,LAX00FA093,ACC,2000-02-07,2000-02-07 17:50:00.000,17:50,UTC,CA,91342,341910N,1182249W,34.319503,-118.380317
20001212X20275,MIA00FA041,ACC,1999-12-03,1999-12-03 15:23:00.000,15:23,UTC,FL,32724,029337N,0811346W,29.060323,-81.229309
20001212X20173,SEA00FA021,ACC,1999-11-17,1999-11-17 20:10:00.000,20:10,UTC,WA,98121,473715N,1222057W,47.620906,-122.349075
20001212X20092,DEN00LA016,ACC,1999-11-07,1999-11-07 18:30:00.000,18:30,UTC,CO,80503,401013N,1051239W,40.170154,-105.21096
20001212X20049,SEA00IA007,INC,1999-10-23,1999-10-23 20:20:00.000,20:20,UTC,WA,98802,472921N,1201126W,47.489131,-120.19062
20001212X19911,CHI00FA003,ACC,1999-10-01,1999-10-01 21:00:00.000,21:00,UTC,IL,60543,414127N,0881951W,41.690742,-88.330932
20001212X19686,ATL99FA132,ACC,1999-09-16,1999-09-16 12:30:00.000,12:30,UTC,AL,36264,333826N,0853449W,33.640529,-85.580406
20001212X19383,SEA99LA129,ACC,1999-07-24,1999-07-24 19:10:00.000,19:10,UTC,OR,97056,045483N,0122589W,45.800697,-122.969291
20001212X18950,CHI99LA191,ACC,1999-06-20,1999-06-20 10:45:00.000,10:45,NULL,MO,63471,395549N,0913114W,39.930332,-91.520576
20001212X18830,LAX99LA204,ACC,1999-05-30,1999-05-30 15:54:00.000,15:54,UTC,AZ,85201,332621N,0111510W,33.439262,-111.849975
20001212X18764,FTW99FA153,ACC,1999-05-29,1999-05-29 17:03:00.000,17:03,UTC,TX,75181,324352N,0963339W,32.730995,-96.560966
20001212X18741,DEN99FA077,ACC,1999-05-13,1999-05-13 15:02:00.000,15:02,UTC,CO,80631,402626N,1044013W,40.440544,-104.670242
20001205X00418,ATL99FA078,ACC,1999-04-29,1999-04-29 21:55:00.000,21:55,UTC,FL,33881,028226N,0814312W,28.040569,-81.720031
20001205X00455,DEN99LA067,ACC,1999-04-28,1999-04-28 13:45:00.000,13:45,UTC,NM,88005,321535N,1064911W,32.259799,-106.819808
20001205X00518,MIA99FA126,ACC,1999-04-14,1999-04-14 15:23:00.000,15:23,UTC,FL,33811,275844N,0082038W,27.979017,-82.010452
20001211X11603,MIA99LA051,ACC,1998-12-19,1998-12-19 18:11:00.000,18:11,UTC,FL,34972,027303N,0805550W,27.500835,-80.930686
20001211X11449,LAX99FA036,ACC,1998-11-21,1998-11-21 19:53:00.000,19:53,UTC,AZ,85260,333636N,1115326W,33.609962,-111.89067
20001211X11447,LAX99FA027,ACC,1998-11-12,1998-11-12 18:43:00.000,18:43,UTC,NV,89447,385211N,0119824W,38.869743,-119.139907
20001211X10890,LAX98LA253,ACC,1998-08-01,1998-08-01 19:15:00.000,19:15,UTC,CA,95648,385550N,0121152W,38.930484,-121.250541
20001211X10719,SEA98LA138,ACC,1998-07-16,1998-07-16 14:00:00.000,14:00,UTC,ID,83318,422325N,1134647W,42.390361,-113.779792
20001211X09903,MIA98FA135,ACC,1998-04-19,1998-04-19 15:24:00.000,15:24,UTC,FL,34741,028181N,0812437W,28.300371,-81.410316
20001211X09798,ATL98FA060,ACC,1998-04-04,1998-04-04 15:32:00.000,15:32,UTC,GA,30068,335813N,0842550W,33.970317,-84.430679
20001211X09521,CHI98FA096,ACC,1998-02-22,1998-02-22 16:45:00.000,16:45,UTC,IL,60150,415548N,0885133W,41.929965,-88.859138
20001211X09562,LAX98FA086,ACC,1998-02-11,1998-02-11 23:25:00.000,23:25,UTC,CA,95037,371016N,1213858W,37.170997,-121.649307
20001208X09299,FTW98FA063,ACC,1997-12-07,1997-12-07 21:53:00.000,21:53,UTC,MT,59715,454611N,1105548W,45.769798,-110.930053
20001208X09195,LAX98FA045,ACC,1997-11-25,1997-11-25 19:32:00.000,19:32,UTC,CA,92020,324727N,1165733W,32.790832,-116.959182
20001208X09016,FTW98LA022,ACC,1997-10-19,1997-10-19 22:05:00.000,22:05,UTC,TX,75704,322436N,0952626W,32.409923,-95.440574
20001208X09006,FTW98LA009,ACC,1997-10-10,1997-10-10 14:40:00.000,14:40,UTC,NM,87106,035336N,1063713W,35.060108,-106.620262
20001208X09071,MIA98FA007,ACC,1997-10-07,1997-10-07 17:37:00.000,17:37,UTC,NC,27325,352549N,0793446W,35.430412,-79.579566
20001208X08309,CHI97FA218,ACC,1997-07-19,1997-07-19 23:07:00.000,23:07,UTC,IL,60605,415210N,0873713W,41.869556,-87.620201
20001208X08229,NYC97LA125,ACC,1997-06-22,1997-06-22 20:00:00.000,20:00,UTC,NY,11978,404948N,0072393W,40.829879,-72.650909
20001208X08188,MIA97FA179,ACC,1997-06-04,1997-06-04 21:51:00.000,21:51,UTC,NC,27203,354234N,0794834W,35.70948,-79.80944
20001208X08109,FTW97FA208,ACC,1997-06-01,1997-06-01 16:25:00.000,16:25,UTC,LA,70510,295813N,0092713W,29.97023,-92.120307
20001208X08011,SEA97FA105,ACC,1997-05-10,1997-05-10 18:42:00.000,18:42,UTC,UT,84015,004179N,0112339W,41.119255,-112.060913
20001208X07638,ANC97FA051,ACC,1997-04-09,1997-04-09 20:55:00.000,20:55,UTC,AK,99677,605248N,0146393W,60.880058,-146.650772
20001208X07823,SEA97LA083,ACC,1997-04-06,1997-04-06 21:00:00.000,21:00,UTC,WA,98223,481049N,1214014W,48.180408,-121.670547
20001208X07468,ANC97FA037,ACC,1997-03-25,1997-03-25 15:23:00.000,15:23,UTC,AK,99641,605251N,1622739W,60.880725,-162.460968
20001208X07496,CHI97FA084,ACC,1997-03-15,1997-03-15 21:28:00.000,21:28,UTC,WI,53063,435926N,0874348W,43.990432,-87.730133
20001208X07187,LAX97FA075,ACC,1996-12-24,1996-12-24 19:33:00.000,19:33,UTC,CA,92123,032482N,0117745W,32.800575,-117.129211
20001208X06948,MIA97LA008,ACC,1996-10-20,1996-10-20 14:30:00.000,14:30,UTC,FL,33615,028033N,0823451W,28.009101,-82.580825
20001208X06883,FTW97LA018,ACC,1996-10-13,1996-10-13 22:50:00.000,22:50,UTC,LA,71061,324427N,0935814W,32.740863,-93.970672
20001208X06391,ANC96LA111,ACC,1996-08-04,1996-08-04 18:30:00.000,18:30,UTC,AK,99743,634045N,0150144W,63.679103,-150.029006
20001208X05897,ANC96LA093,ACC,1996-06-29,1996-06-29 20:06:00.000,20:06,UTC,AK,99501,611310N,0149511W,61.219322,-149.850326
20001208X05959,FTW96FA279,ACC,1996-06-29,1996-06-29 20:50:00.000,20:50,UTC,CO,80301,040114N,0105152W,40.020439,-105.250457
20001208X05951,FTW96FA234,ACC,1996-06-01,1996-06-01 19:12:00.000,19:12,UTC,OK,74003,364351N,0096414W,36.730869,-96.070533
20001208X05746,FTW96FA208,ACC,1996-05-11,1996-05-11 17:34:00.000,17:34,UTC,CO,80112,393447N,1045136W,39.579765,-104.860015
20001208X05637,MIA96LA120,ACC,1996-04-16,1996-04-16 23:25:00.000,23:25,UTC,FL,32095,030034N,0812435W,30.009309,-81.409599
20001208X05427,LAX96LA134,ACC,1996-03-14,1996-03-14 21:28:00.000,21:28,UTC,CA,94558,038330N,0012292W,38.550029,-122.150497
20001208X05358,ATL96LA063,ACC,1996-03-10,1996-03-10 21:40:00.000,21:40,UTC,AL,36542,301613N,0874157W,30.270301,-87.699081
20001208X05417,LAX96FA130,ACC,1996-03-09,1996-03-09 22:00:00.000,22:00,UTC,CA,90720,334725N,0118334W,33.790142,-118.05941
20001208X05445,MIA96FA096,ACC,1996-03-07,1996-03-07 17:38:00.000,17:38,UTC,FL,32136,292814N,0081751W,29.470499,-81.130867
20001208X05219,ATL96LA055,ACC,1996-02-24,1996-02-24 20:00:00.000,20:00,UTC,TN,37014,355246N,0863752W,35.879333,-86.630989
20001208X05240,FTW96FA130,ACC,1996-02-24,1996-02-24 22:47:00.000,22:47,UTC,AR,72376,035451N,0901422W,35.080814,-90.23957
20001208X05272,LAX96FA108,ACC,1996-02-08,1996-02-08 18:52:00.000,18:52,UTC,CA,92065,033410N,1164946W,33.069541,-116.82936
20001207X04993,FTW96FA062,ACC,1995-12-06,1995-12-06 16:37:00.000,16:37,UTC,TX,75135,033333N,0961315W,33.059085,-96.22084
20001207X04902,MIA96LA027,ACC,1995-11-22,1995-11-22 20:00:00.000,20:00,UTC,FL,34474,029935N,0821236W,29.159669,-82.210052
20001207X04540,MIA95FA224,ACC,1995-09-15,1995-09-15 20:44:00.000,20:44,UTC,FL,32168,029114N,0805513W,29.020427,-80.920341
20001207X04050,NYC95LA145,ACC,1995-07-09,1995-07-09 16:55:00.000,16:55,UTC,PA,15338,394650N,0795921W,39.780616,-79.989112
20001207X03733,LAX95GA219,ACC,1995-06-21,1995-06-21 18:08:00.000,18:08,UTC,CA,92065,033415N,1164948W,33.070861,-116.830108
20001207X03711,FTW95LA252,ACC,1995-06-19,1995-06-19 14:27:00.000,14:27,UTC,TX,78596,026933N,0975850W,26.159095,-97.980628
20001207X03690,FTW95IA243,INC,1995-06-11,1995-06-11 23:00:00.000,23:00,UTC,TX,79336,333415N,1022134W,33.570964,-102.359443
20001207X03230,ATL95LA089,ACC,1995-04-25,1995-04-25 22:20:00.000,22:20,UTC,AL,35967,034273N,0854124W,34.450847,-85.689933
20001207X03076,ATL95LA072,ACC,1995-03-29,1995-03-29 20:45:00.000,20:45,UTC,TN,38242,361758N,0881759W,36.29948,-88.299674
20001207X02998,LAX95LA114,ACC,1995-02-20,1995-02-20 21:10:00.000,21:10,UTC,CA,94044,373633N,1222845W,37.60923,-122.479225
20001206X02741,LAX95LA042,ACC,1994-12-04,1994-12-04 22:30:00.000,22:30,UTC,CA,93060,034240N,0119415W,34.400127,-119.070823
20001206X02293,LAX94LA368,ACC,1994-09-18,1994-09-18 17:10:00.000,17:10,UTC,NV,89502,392851N,1194424W,39.480819,-119.740097
20001206X01819,NYC94FA119,ACC,1994-07-11,1994-07-11 20:18:00.000,20:18,UTC,VA,23062,371533N,0762926W,37.259098,-76.490554
20001206X01549,LAX94FA243,ACC,1994-06-09,1994-06-09 23:30:00.000,23:30,UTC,CA,92220,033573N,1164949W,33.950786,-116.83023
20001206X01157,MIA94LA119,ACC,1994-04-10,1994-04-10 21:00:00.000,21:00,UTC,FL,34994,271121N,0801425W,27.189302,-80.240249
20001206X01167,NYC94FA075,ACC,1994-04-09,1994-04-09 15:37:00.000,15:37,UTC,NY,11735,404351N,0732628W,40.730739,-73.440979
20001206X00893,FTW94FA102,ACC,1994-03-19,1994-03-19 19:51:00.000,19:51,UTC,TX,78216,293222N,0982927W,29.539421,-98.490867
20001206X00760,LAX94LA113,ACC,1994-02-05,1994-02-05 19:30:00.000,19:30,UTC,CA,95361,374757N,1204422W,37.799171,-120.739509
20001206X00618,FTW94FA060,ACC,1994-01-02,1994-01-02 22:30:00.000,22:30,UTC,TX,77581,293257N,0951613W,29.54907,-95.270324
20001211X13462,MIA93LA199,ACC,1993-09-23,1993-09-23 17:20:00.000,17:20,UTC,FL,32720,002930N,0811839W,29.049934,-81.310798
20001211X13260,SEA93LA168,ACC,1993-08-01,1993-08-01 16:50:00.000,16:50,UTC,WA,98823,471615N,1193523W,47.270847,-119.589782
20001211X12826,CHI93FA274,ACC,1993-07-25,1993-07-25 23:15:00.000,23:15,UTC,IN,46526,413412N,0854949W,41.570075,-85.830207
20001211X12635,LAX93FA241,ACC,1993-06-05,1993-06-05 18:33:00.000,18:33,UTC,CA,91710,003401N,1174051W,34.000408,-117.6809
20001211X12242,SEA93FA094,ACC,1993-04-14,1993-04-14 22:24:00.000,22:24,UTC,WA,99174,047039N,1172136W,47.010784,-117.359893
20001211X11815,CHI93LA195,ACC,1993-02-28,1993-02-28 21:00:00.000,21:00,UTC,MN,55434,045933N,0093152W,45.159229,-93.250602
20001211X11777,ATL93FA061,ACC,1993-02-19,1993-02-19 15:57:00.000,15:57,UTC,GA,30336,334423N,0843410W,33.739635,-84.569351
20001211X16051,LAX93FA055,ACC,1992-11-29,1992-11-29 21:28:00.000,21:28,UTC,CA,95686,038109N,0121318W,38.169269,-121.51902
20001211X15995,BFO93LA006,ACC,1992-11-11,1992-11-11 18:45:00.000,18:45,UTC,VA,23434,364157N,0763749W,36.699104,-76.630363
20001211X15868,FTW93LA010,ACC,1992-10-08,1992-10-08 13:32:00.000,13:32,UTC,NM,87106,035337N,1063711W,35.060344,-106.619712
20001211X15679,DCA92MA049,ACC,1992-09-11,1992-09-11 19:57:00.000,19:57,UTC,IN,46237,394011N,0086414W,39.669784,-86.070632
20001211X15101,CHI92FA201,ACC,1992-07-07,1992-07-07 21:48:00.000,21:48,UTC,MN,55101,044574N,0093524W,44.950984,-93.089927
20001211X14946,NYC92FA093,ACC,1992-06-01,1992-06-01 15:47:00.000,15:47,UTC,MD,20833,391015N,0077258W,39.17094,-77.049407
20001211X14536,ANC92FA069,ACC,1992-05-09,1992-05-09 18:50:00.000,18:50,UTC,AK,99676,622657N,1494727W,62.449211,-149.790908
20001211X14328,LAX92LA157,ACC,1992-03-31,1992-03-31 15:16:00.000,15:16,UTC,AZ,86301,343712N,1122515W,34.619922,-112.420791
20001211X14158,MIA92LA086,ACC,1992-02-21,1992-02-21 13:02:00.000,13:02,UTC,FL,32814,028349N,0811910W,28.569259,-81.319511
20001212X18663,SEA92FA026,ACC,1991-12-07,1991-12-07 21:07:00.000,21:07,UTC,WA,98290,475625N,0012201W,47.940319,-122.000251
20001212X18555,CHI92LA036,ACC,1991-12-01,1991-12-01 21:20:00.000,21:20,UTC,MN,55044,444013N,0931427W,44.670322,-93.240913
20001212X18523,SEA92FA022,ACC,1991-11-22,1991-11-22 23:50:00.000,23:50,UTC,WA,98684,453747N,0122319W,45.629608,-122.519104
20001212X18446,FTW92FA025,ACC,1991-11-20,1991-11-20 18:18:00.000,18:18,UTC,TX,76106,324912N,0972133W,32.820049,-97.359077
20001212X18341,MIA92FA012,ACC,1991-10-11,1991-10-11 17:15:00.000,17:15,UTC,FL,32043,295848N,0081409W,29.979995,-81.669136
20001212X17829,CHI91LA270,ACC,1991-08-24,1991-08-24 16:10:00.000,16:10,UTC,SD,57201,445433N,0097936W,44.909107,-97.159919
20001212X17550,FTW91FA131,ACC,1991-07-31,1991-07-31 20:00:00.000,20:00,UTC,TX,78055,294759N,0099153W,29.799667,-99.250953
20001212X17483,CHI91FA211,ACC,1991-07-07,1991-07-07 13:20:00.000,13:20,UTC,IL,62301,395549N,0912250W,39.930183,-91.38063
20001212X17484,CHI91FA212,ACC,1991-07-07,1991-07-07 20:01:00.000,20:01,UTC,IL,60520,414533N,0883822W,41.759273,-88.639549
20001212X17164,ATL91FA117,ACC,1991-06-29,1991-06-29 18:25:00.000,18:25,UTC,FL,32656,294650N,0082149W,29.780435,-82.030174
20001212X17161,ATL91FA108,ACC,1991-06-07,1991-06-07 20:45:00.000,20:45,UTC,GA,30707,034529N,0851723W,34.86922,-85.289726
20001212X17037,LAX91LA204,ACC,1991-05-09,1991-05-09 15:49:00.000,15:49,UTC,CA,95901,039858N,1212814W,39.149333,-121.470542
20001212X17000,FTW91FA074,ACC,1991-05-07,1991-05-07 10:10:00.000,10:10,UTC,OK,74748,003493N,0962358W,34.150859,-96.399406
20001212X16777,DEN91LA062,ACC,1991-04-19,1991-04-19 14:00:00.000,14:00,UTC,NM,88435,345626N,1044014W,34.940528,-104.670661
20001212X16763,CHI91LA134,ACC,1991-04-16,1991-04-16 23:15:00.000,23:15,UTC,ND,58201,475437N,0097411W,47.910312,-97.069786
20001212X16709,ANC91FA050,ACC,1991-04-09,1991-04-09 18:00:00.000,18:00,UTC,AK,99677,605251N,1463857W,60.880958,-146.64923
20001212X16772,DCA91MA031,ACC,1991-04-04,1991-04-04 17:10:00.000,17:10,UTC,PA,19066,395959N,0751427W,39.999595,-75.24089
20001212X16624,LAX91LA120,ACC,1991-03-02,1991-03-02 19:00:00.000,19:00,UTC,AZ,85653,322657N,1111723W,32.449226,-111.289779
20001212X16458,LAX91FA098,ACC,1991-02-13,1991-02-13 23:28:00.000,23:28,UTC,CA,93060,342356N,0119415W,34.399024,-119.070922
20001212X16418,CHI91FA088,ACC,1991-02-03,1991-02-03 18:30:00.000,18:30,UTC,WI,54020,451839N,0924124W,45.310859,-92.689926
20001212X24740,CHI91LA043,ACC,1990-12-08,1990-12-08 19:20:00.000,19:20,UTC,IL,60436,041319N,0088713W,41.519084,-88.120208
20001212X24533,NYC91LA015,ACC,1990-10-20,1990-10-20 20:15:00.000,20:15,UTC,OH,44224,041109N,0812549W,41.169124,-81.430145
20001212X24148,ANC90FA167,ACC,1990-09-08,1990-09-08 22:00:00.000,22:00,UTC,AK,99755,634649N,1483111W,63.780181,-148.519836
20001212X24061,LAX90LA298,ACC,1990-08-22,1990-08-22 17:20:00.000,17:20,UTC,CA,93505,003590N,1175516W,35.149982,-117.920997
20001212X24036,LAX90FA292,ACC,1990-08-19,1990-08-19 22:26:00.000,22:26,UTC,CA,90822,334646N,0118714W,33.779575,-118.120475
20001212X23999,FTW90FA151,ACC,1990-08-07,1990-08-07 19:46:00.000,19:46,UTC,TX,78112,291457N,0981948W,29.249084,-98.329986
20001212X23657,CHI90LA201,ACC,1990-07-30,1990-07-30 13:47:00.000,13:47,UTC,WI,54901,044337N,0883224W,44.060214,-88.539955
20001212X23626,CHI90FA190,ACC,1990-07-23,1990-07-23 13:34:00.000,13:34,UTC,MI,48187,421946N,0832846W,42.329471,-83.479553
20001212X23696,FTW90FA138,ACC,1990-07-07,1990-07-07 21:50:00.000,21:50,UTC,TX,78130,294159N,0098633W,29.699697,-98.109298
20001212X23591,ATL90FA139,ACC,1990-07-01,1990-07-01 22:23:00.000,22:23,UTC,AL,35630,344913N,0873934W,34.820373,-87.659416
20001212X23446,LAX90FA230,ACC,1990-06-23,1990-06-23 23:00:00.000,23:00,UTC,HI,96716,215434N,1593527W,21.909374,-159.590942
20001212X23303,ANC90LA090,ACC,1990-06-17,1990-06-17 18:30:00.000,18:30,UTC,AK,99801,583446N,0134469W,58.579387,-134.769226
20001212X22933,LAX90DUG05,ACC,1990-04-19,1990-04-19 17:10:00.000,17:10,UTC,CA,92225,033450N,1143037W,33.749904,-114.510414
20001212X22846,ATL90FA095,ACC,1990-04-09,1990-04-09 23:05:00.000,23:05,UTC,AL,35901,034039N,0086037W,34.010746,-86.010406
20001212X22757,MIA90FA085,ACC,1990-03-09,1990-03-09 21:51:00.000,21:51,UTC,FL,33023,255922N,0801313W,25.989324,-80.220352
20001212X22577,LAX90FA082,ACC,1990-02-06,1990-02-06 20:54:00.000,20:54,UTC,CA,95926,394423N,1214947W,39.73981,-121.829788
20001212X22560,FTW90FA063,ACC,1990-02-04,1990-02-04 19:37:00.000,19:37,UTC,TX,77375,030525N,0953635W,30.090227,-95.609756
20001212X22604,MIA90FA067,ACC,1990-02-03,1990-02-03 15:47:00.000,15:47,UTC,FL,32958,274647N,0802849W,27.779722,-80.480308
20001213X29892,SEA90LA032,ACC,1989-11-19,1989-11-19 17:30:00.000,17:30,UTC,NV,89030,361236N,0115714W,36.209888,-115.12059
20001213X29849,MKC90FA032,ACC,1989-11-18,1989-11-18 21:47:00.000,21:47,UTC,MN,55045,452247N,0925022W,45.37968,-92.839332
20001213X29734,ATL90FA024,ACC,1989-11-05,1989-11-05 17:38:00.000,17:38,UTC,AL,35901,034036N,0086034W,34.010044,-86.009567
20001213X29373,FTW89IA168,INC,1989-09-15,1989-09-15 22:25:00.000,22:25,UTC,OK,73008,035301N,0973822W,35.500267,-97.639549
20001213X29368,FTW89FA159,ACC,1989-09-03,1989-09-03 23:46:00.000,23:46,UTC,LA,70363,029349N,0904157W,29.569187,-90.699111
20001213X29141,LAX89FA287,ACC,1989-08-24,1989-08-24 16:27:00.000,16:27,UTC,CA,95376,374347N,1212513W,37.72966,-121.420158
20001213X28948,NYC89FA177,ACC,1989-07-30,1989-07-30 17:35:00.000,17:35,UTC,PA,18103,403527N,0752815W,40.590965,-75.470802
20001213X28828,FTW89FA133,ACC,1989-07-11,1989-07-11 19:52:00.000,19:52,UTC,TX,77554,029152N,0945512W,29.250577,-94.920074
20001213X27790,NYC89FA086,ACC,1989-02-19,1989-02-19 21:00:00.000,21:00,UTC,NY,12801,431833N,0733823W,43.309047,-73.639717
20001213X27659,NYC89LA076,ACC,1989-01-29,1989-01-29 21:10:00.000,21:10,UTC,NY,13148,425438N,0764725W,42.910575,-76.790405
20001213X27599,LAX89FA083,ACC,1989-01-10,1989-01-10 22:45:00.000,22:45,UTC,CA,92065,033410N,1164946W,33.069561,-116.829483
20001213X27213,BFO89LA008,ACC,1988-11-12,1988-11-12 20:33:00.000,20:33,UTC,VA,23169,373525N,0762737W,37.59027,-76.460289
20001213X27084,LAX89LA002,ACC,1988-10-02,1988-10-02 17:56:00.000,17:56,UTC,CA,93551,343638N,1181614W,34.610576,-118.270599
20001213X26392,SEA88LA128,ACC,1988-07-12,1988-07-12 21:35:00.000,21:35,UTC,NV,89423,039040N,1194458W,39.010993,-119.749328
20001213X25582,ANC88FA052,ACC,1988-05-03,1988-05-03 23:45:00.000,23:45,UTC,AK,99624,573526N,1535434W,57.59069,-153.909378
20001213X25400,ATL88LA149,ACC,1988-04-22,1988-04-22 19:30:00.000,19:30,UTC,SC,29706,344158N,0811238W,34.69944,-81.210609
20001213X25558,NYC88LA125,ACC,1988-04-09,1988-04-09 18:00:00.000,18:00,UTC,PA,17320,394650N,0772135W,39.78062,-77.359634
20001213X25482,LAX88FA146,ACC,1988-04-01,1988-04-01 18:22:00.000,18:22,UTC,CA,93004,341612N,0119939W,34.270126,-119.160926
20001213X25346,SEA88FA060,ACC,1988-03-19,1988-03-19 18:15:00.000,18:15,UTC,NV,89701,039825N,1194239W,39.140232,-119.710929
20001213X25076,FTW88FA074,ACC,1988-02-27,1988-02-27 23:45:00.000,23:45,UTC,TX,75652,321420N,0944345W,32.239017,-94.72927
20001213X25124,MIA88LA117,ACC,1988-02-27,1988-02-27 15:15:00.000,15:15,UTC,FL,33462,263445N,0008049W,26.579046,-80.069244
20001213X24919,LAX88FA094,ACC,1988-01-23,1988-01-23 22:02:00.000,22:02,UTC,CA,91780,034558N,0011831W,34.099414,-118.050285
20001213X32712,LAX88FA071,ACC,1987-12-19,1987-12-19 22:57:00.000,22:57,UTC,CA,91709,335621N,0117439W,33.939136,-117.719032
20001213X32738,MIA88LA057,ACC,1987-12-09,1987-12-09 20:30:00.000,20:30,UTC,MS,39120,313225N,0912248W,31.540252,-91.379913
20001213X32275,BFO88LA006,ACC,1987-10-25,1987-10-25 20:38:00.000,20:38,UTC,VA,22630,038559N,0781051W,38.919075,-78.180931
20001213X31868,MIA87FA236,ACC,1987-08-31,1987-08-31 12:24:00.000,12:24,UTC,FL,33054,255435N,0080169W,25.909736,-80.269233
20001213X31805,FTW87FA206,ACC,1987-08-23,1987-08-23 16:30:00.000,16:30,UTC,TX,77454,293114N,0961315W,29.520465,-96.220741
20001213X31929,SEA87FA162,ACC,1987-08-12,1987-08-12 21:21:00.000,21:21,UTC,AK,99901,553634N,1313450W,55.609397,-131.58049
20001213X31830,LAX87FA290,ACC,1987-08-04,1987-08-04 19:19:00.000,19:19,UTC,CA,93550,343112N,0118451W,34.520126,-118.080924
20001213X31440,CHI87LA167,ACC,1987-07-12,1987-07-12 12:00:00.000,12:00,UTC,MI,49015,421727N,0851312W,42.290969,-85.220123
20001213X30976,LAX87LA224,ACC,1987-05-30,1987-05-30 21:25:00.000,21:25,UTC,CA,94538,372959N,1215738W,37.499614,-121.960494
20001213X31039,SEA87FA100,ACC,1987-05-24,1987-05-24 19:10:00.000,19:10,UTC,WA,99169,047411N,1182810W,47.06977,-118.469413
20001213X30961,LAX87FA213,ACC,1987-05-22,1987-05-22 17:58:00.000,17:58,UTC,CA,93561,035710N,1183038W,35.119403,-118.510581
20001213X30979,MIA87FA153,ACC,1987-05-02,1987-05-02 13:15:00.000,13:15,UTC,FL,33462,263447N,0080414W,26.579841,-80.070617
20001213X30903,DCA87MA029,ACC,1987-05-01,1987-05-01 19:48:00.000,19:48,UTC,FL,32801,283222N,0812211W,28.539314,-81.36959
20001213X30577,ATL87FA130,ACC,1987-04-29,1987-04-29 22:43:00.000,22:43,UTC,GA,30144,034114N,0843633W,34.020484,-84.609222
20001213X30629,DEN87FA091,ACC,1987-04-08,1987-04-08 21:45:00.000,21:45,UTC,CO,81052,038445N,1023637W,38.07909,-102.61029
20001213X30415,DCA87MA023,ACC,1987-03-31,1987-03-31 17:58:00.000,17:58,UTC,CA,94607,374838N,0122182W,37.810619,-122.300544
20001213X30387,BFO87LA028,ACC,1987-03-29,1987-03-29 20:17:00.000,20:17,UTC,DE,19904,039927N,0753127W,39.157365,-75.524198
20001213X30306,NYC87FA098,ACC,1987-02-26,1987-02-26 20:00:00.000,20:00,UTC,NY,12549,413114N,0741349W,41.520511,-74.230148
20001213X30061,DCA87MA020,ACC,1987-01-20,1987-01-20 18:28:00.000,18:28,UTC,MO,64050,003979N,0942433W,39.119262,-94.40924
20001213X30060,DCA87MA018,ACC,1987-01-15,1987-01-15 19:52:00.000,19:52,UTC,UT,84118,040390N,0112035W,40.650131,-112.009628
20001213X35385,LAX87MA068,ACC,1986-12-26,1986-12-26 23:03:00.000,23:03,UTC,CA,90806,334835N,1181051W,33.809787,-118.180946
20001213X35422,NYC87FA049,ACC,1986-12-21,1986-12-21 15:10:00.000,15:10,UTC,NY,12401,415545N,0735922W,41.929031,-73.989486
20001213X35186,LAX87FA057,ACC,1986-11-28,1986-11-28 18:25:00.000,18:25,UTC,CA,93060,034243N,0119414W,34.400947,-119.070693
20001213X35168,FTW87FA022,ACC,1986-11-27,1986-11-27 22:15:00.000,22:15,UTC,TX,79118,035637N,1014426W,35.110252,-101.740509
20001213X34905,ATL87FA006,ACC,1986-10-19,1986-10-19 22:20:00.000,22:20,UTC,OH,45014,391946N,0843224W,39.329483,-84.539909
20001213X34928,CHI87FA004,ACC,1986-10-15,1986-10-15 16:20:00.000,16:20,UTC,IL,61920,392848N,0881013W,39.480087,-88.170219
20001213X34902,ATL87FA001,ACC,1986-10-05,1986-10-05 15:35:00.000,15:35,UTC,NC,27863,352927N,0775845W,35.490932,-77.979278
20001213X34444,DCA86AA041,ACC,1986-08-31,1986-08-31 18:52:00.000,18:52,UTC,CA,90701,335138N,0118451W,33.86061,-118.080955
20001213X34442,CHI86MA212,ACC,1986-08-29,1986-08-29 21:30:00.000,21:30,UTC,NY,12549,413116N,0741349W,41.520996,-74.230316
20001213X34139,DEN86FA208,ACC,1986-07-26,1986-07-26 13:40:00.000,13:40,UTC,CO,80301,040113N,1051458W,40.020263,-105.249458
20001213X33965,MKC86FA123,ACC,1986-06-01,1986-06-01 20:45:00.000,20:45,UTC,AR,72040,345812N,0091303W,34.969963,-91.500831
20001213X33394,NYC86FA114,ACC,1986-04-28,1986-04-28 17:30:00.000,17:30,UTC,PA,19375,039542N,0754427W,39.900627,-75.740768
20001213X33324,LAX86LA189,ACC,1986-04-23,1986-04-23 23:50:00.000,23:50,UTC,CA,94901,375810N,0122300W,37.969554,-122.500106
20001213X33340,LAX86MA186,ACC,1986-04-20,1986-04-20 22:43:00.000,22:43,UTC,CA,92806,335026N,1175210W,33.840629,-117.869308
20001213X33207,ATL86FA116,ACC,1986-04-19,1986-04-19 15:00:00.000,15:00,UTC,SC,29053,334834N,0081559W,33.809478,-81.099594
20001213X33276,FTW86FA066,ACC,1986-04-15,1986-04-15 16:00:00.000,16:00,UTC,TX,77560,295214N,0943412W,29.870651,-94.570083
20001213X33411,SEA86FA092,ACC,1986-04-05,1986-04-05 22:30:00.000,22:30,UTC,WA,98011,474428N,1221157W,47.740989,-122.199104
20001213X33053,FTW86FA049,ACC,1986-03-28,1986-03-28 19:00:00.000,19:00,UTC,TX,75069,331048N,0963523W,33.180088,-96.589775
20001214X38261,LAX86LA034,ACC,1985-11-06,1985-11-06 23:00:00.000,23:00,UTC,AZ,85249,331423N,1114646W,33.23962,-111.779418
20001214X38258,LAX86LA031,ACC,1985-11-03,1985-11-03 19:05:00.000,19:05,UTC,CA,94508,383410N,1222624W,38.569377,-122.439964
20001214X38049,LAX86FA025,ACC,1985-10-25,1985-10-25 21:41:00.000,21:41,UTC,CA,95814,383447N,1212924W,38.579681,-121.489875
20001214X38038,FTW86MA001,ACC,1985-10-01,1985-10-01 18:28:00.000,18:28,UTC,TX,75253,324014N,0963638W,32.670597,-96.610534
20001214X37717,ATL85MA282,ACC,1985-09-22,1985-09-22 17:36:00.000,17:36,UTC,AL,36830,323521N,0852849W,32.589267,-85.480293
20001214X37836,MIA85FA253,ACC,1985-09-13,1985-09-13 15:20:00.000,15:20,UTC,FL,32401,301014N,0854012W,30.170682,-85.669891
20001214X37511,FTW85MA317,ACC,1985-08-12,1985-08-12 15:15:00.000,15:15,UTC,TX,75474,032540N,0096750W,32.899955,-96.130447
20001214X36776,FTW85FA261,ACC,1985-06-23,1985-06-23 21:20:00.000,21:20,UTC,TX,76501,031447N,0971458W,31.079734,-97.249542
20001214X36453,FTW85FA230,ACC,1985-05-22,1985-05-22 18:45:00.000,18:45,UTC,KS,66441,039115N,0965025W,39.020851,-96.840263
20001214X36486,LAX85FA239,ACC,1985-05-04,1985-05-04 23:21:00.000,23:21,UTC,CA,93446,353635N,1204539W,35.609817,-120.760932
20001214X36385,CHI85FA185,ACC,1985-05-02,1985-05-02 13:58:00.000,13:58,UTC,WI,53089,043745N,0881235W,43.129032,-88.209594
20001214X36116,CHI85FA176,ACC,1985-04-26,1985-04-26 23:36:00.000,23:36,UTC,WI,53578,431726N,0089439W,43.290428,-89.719223
20001214X36208,LAX85FA202,ACC,1985-04-14,1985-04-14 17:00:00.000,17:00,UTC,AZ,86322,342845N,1114650W,34.479293,-111.780609
20001214X35691,FTW85FA117,ACC,1985-02-12,1985-02-12 15:49:00.000,15:49,UTC,OK,73438,341348N,0972848W,34.230056,-97.480133
20001214X35538,LAX85FA123,ACC,1985-01-27,1985-01-27 23:41:00.000,23:41,UTC,CA,91706,034523N,1175733W,34.089729,-117.959114
20001214X41554,DEN85IA025,INC,1984-11-11,1984-11-11 15:45:00.000,15:45,UTC,UT,84649,392213N,1121648W,39.370258,-112.27996
20001214X41259,ATL85FA007,ACC,1984-10-11,1984-10-11 22:00:00.000,22:00,UTC,NC,28655,354424N,0814122W,35.740127,-81.689361
20001214X41164,MKC84FA272,ACC,1984-09-09,1984-09-09 13:50:00.000,13:50,UTC,IA,51001,424912N,0096331W,42.819969,-96.550163
20001214X41224,SEA84FA215,ACC,1984-09-01,1984-09-01 16:40:00.000,16:40,UTC,OR,97058,453225N,0121857W,45.540401,-121.149093
20001214X40792,MIA84FA241,ACC,1984-08-25,1984-08-25 13:09:00.000,13:09,UTC,GA,31698,305058N,0831727W,30.849498,-83.290878
20001214X40665,DCA84AA034,ACC,1984-08-24,1984-08-24 18:18:00.000,18:18,UTC,CA,93401,351643N,1203940W,35.278642,-120.66103
20001214X40412,MKC84FA229,ACC,1984-07-23,1984-07-23 12:30:00.000,12:30,UTC,NE,68927,403126N,0099381W,40.523935,-99.633688
20001214X40502,SEA84FA172,ACC,1984-07-12,1984-07-12 21:50:00.000,21:50,UTC,WA,98823,471615N,1193525W,47.270782,-119.590415
20001214X40340,LAX84FA378,ACC,1984-07-05,1984-07-05 22:46:00.000,22:46,UTC,CA,94801,375738N,1222246W,37.960685,-122.379486
20001214X40512,SEA84LA159,ACC,1984-07-03,1984-07-03 21:00:00.000,21:00,UTC,WA,98823,471613N,1193521W,47.270294,-119.589164
20001214X39835,CHI84FA250,ACC,1984-06-20,1984-06-20 16:14:00.000,16:14,UTC,MN,56762,481120N,0964536W,48.189002,-96.76004
20001214X40069,MKC84LA178,ACC,1984-06-18,1984-06-18 15:15:00.000,15:15,UTC,AR,71663,331351N,0913037W,33.230751,-91.510353
20001214X39622,LAX84FA319,ACC,1984-05-28,1984-05-28 22:15:00.000,22:15,UTC,CA,94019,372623N,1222438W,37.439826,-122.410682
20001214X39651,LAX84LA313,ACC,1984-05-22,1984-05-22 18:20:00.000,18:20,UTC,CA,93441,344722N,1195921W,34.78936,-119.989059
20001214X39439,ANC84FA073,ACC,1984-05-21,1984-05-21 23:59:00.000,23:59,UTC,AK,99651,585958N,1614121W,58.999557,-161.689147
20001214X39185,ANC84FA059,ACC,1984-04-25,1984-04-25 16:50:00.000,16:50,UTC,AK,99501,611314N,0149512W,61.220664,-149.850662
20001214X39306,LAX84LA245,ACC,1984-04-07,1984-04-07 19:25:00.000,19:25,UTC,CA,93427,343639N,1201312W,34.610729,-120.219924
20001214X39339,MIA84LA127,ACC,1984-04-02,1984-04-02 17:10:00.000,17:10,UTC,FL,32084,295325N,0811837W,29.890373,-81.310287
20001214X38941,ATL84FA119,ACC,1984-03-07,1984-03-07 21:40:00.000,21:40,UTC,NC,27504,035229N,0783225W,35.369064,-78.540405
20001214X39029,FTW84LA155,ACC,1984-03-02,1984-03-02 22:50:00.000,22:50,UTC,OK,74701,335849N,0962327W,33.980293,-96.390937
20001214X38913,SEA84FA060,ACC,1984-02-24,1984-02-24 21:55:00.000,21:55,UTC,WA,98042,472135N,0012260W,47.359592,-122.099891
20001214X45128,LAX84LA077,ACC,1983-11-27,1983-11-27 22:05:00.000,22:05,UTC,CA,92509,335926N,1172623W,33.990676,-117.439842
20001214X45177,NYC84FA038,ACC,1983-11-27,1983-11-27 20:20:00.000,20:20,UTC,NY,14136,423224N,0079933W,42.539863,-79.159179
20001214X44819,FTW84FA001,ACC,1983-10-02,1983-10-02 22:05:00.000,22:05,UTC,TX,77571,293939N,0095222W,29.660827,-95.039581
20001214X43900,NYC83FA188,ACC,1983-07-22,1983-07-22 12:40:00.000,12:40,UTC,NY,11231,404050N,0074039W,40.680595,-74.010894
20001214X43847,MIA83FU005,ACC,1983-07-10,1983-07-10 23:00:00.000,23:00,UTC,FL,32210,030169N,0081450W,30.269058,-81.74987
20001214X43192,ATL83FA224,ACC,1983-06-08,1983-06-08 20:00:00.000,20:00,UTC,NC,27028,355326N,0080332W,35.890457,-80.550651
20001214X43016,LAX83FA242,ACC,1983-05-22,1983-05-22 22:25:00.000,22:25,UTC,CA,93517,381610N,1191950W,38.269512,-119.330528
20001214X43122,NYC83FU005,ACC,1983-05-21,1983-05-21 21:32:00.000,21:32,UTC,NY,14850,422621N,0076301W,42.439216,-76.500305
20001214X42651,DEN83AA105,ACC,1983-04-26,1983-04-26 17:03:00.000,17:03,UTC,WY,82901,413521N,1091315W,41.589141,-109.220771
20001214X42112,ANC83LA049,ACC,1983-02-28,1983-02-28 15:00:00.000,15:00,UTC,AK,99501,611311N,0149510W,61.219848,-149.850006
20001214X41935,ATL83MA084,ACC,1983-01-09,1983-01-09 21:44:00.000,21:44,UTC,NC,28533,345357N,0076544W,34.899204,-76.900978
20020917X04312,ATL83FA071,ACC,1982-12-26,1982-12-26 20:30:00.000,20:30,UTC,NC,27502,354314N,0785022W,35.720474,-78.839477
20020917X04299,ATL83FA025,ACC,1982-11-06,1982-11-06 14:10:00.000,14:10,UTC,NC,27909,361725N,0761314W,36.290279,-76.220649
20020917X04634,FTW83AA024,ACC,1982-10-27,1982-10-27 16:20:00.000,16:20,UTC,TX,75006,325850N,0965326W,32.980495,-96.890464
20020917X04423,CHI82IA364,INC,1982-09-23,1982-09-23 21:24:00.000,21:24,UTC,MI,48054,042469N,0823147W,42.769275,-82.529655
20020917X04765,LAX82FA345,ACC,1982-09-17,1982-09-17 23:41:00.000,23:41,UTC,CA,92648,334013N,1175957W,33.670177,-117.999229
20020917X04627,FTW82FA382,ACC,1982-09-16,1982-09-16 22:35:00.000,22:35,UTC,TX,75460,333938N,0953226W,33.660552,-95.54042
20020917X04585,FTW82DA361,ACC,1982-09-01,1982-09-01 21:20:00.000,21:20,UTC,TX,79072,341121N,0101439W,34.189239,-101.71907
20020917X03083,CHI82FA290,ACC,1982-08-03,1982-08-03 18:10:00.000,18:10,UTC,WI,54901,044339N,0883225W,44.060783,-88.540321
20020917X03353,FTW82DA277,ACC,1982-07-12,1982-07-12 13:20:00.000,13:20,UTC,TX,76247,033449N,0971722W,33.080173,-97.289459
20020917X03514,LAX82AA235,ACC,1982-06-26,1982-06-26 20:47:00.000,20:47,UTC,CA,95110,372021N,1215357W,37.339267,-121.899269
20020917X03553,LAX82DA207,ACC,1982-06-02,1982-06-02 20:00:00.000,20:00,UTC,CA,95060,037227N,0122557W,37.04084,-122.099098
20020917X03642,LAX82FA156,ACC,1982-05-01,1982-05-01 15:45:00.000,15:45,NULL,CA,93010,341345N,0119412W,34.229198,-119.07006
20020917X02282,LAX82FA136,ACC,1982-04-15,1982-04-15 21:30:00.000,21:30,UTC,CA,93274,361045N,1192140W,36.17913,-119.360984
20020917X02154,LAX82AA106,ACC,1982-03-13,1982-03-13 17:51:00.000,17:51,UTC,AZ,85309,333149N,1122248W,33.530197,-112.379898
20020917X02402,MIA82FA044,ACC,1982-02-07,1982-02-07 22:30:00.000,22:30,UTC,FL,33030,252925N,0803035W,25.490335,-80.509773
20020917X02259,LAX82FA049,ACC,1982-01-23,1982-01-23 19:55:00.000,19:55,UTC,CA,92392,342924N,1172139W,34.490097,-117.360717
20020917X02400,MIA82FA038,ACC,1982-01-23,1982-01-23 20:34:00.000,20:34,UTC,FL,32355,030938N,0841157W,30.160657,-84.199279
